id,label
ce40fcb3a33,1
02ca950343c,1
a59e88b4f9c,0
ad62d80af38,1
a6b36372f05,0
00838b1a77d,1
f5cfd264e78,0
1bd6e19e8cb,1
84fbf64a5b5,0
34dfcff6b7a,1
d73c273a682,1
5b1594e750e,1
de7087a0b1b,0
9e2c66f6c10,1
9232a431cf6,0
2afcba8bc66,1
70e862512b3,1
9d0041c0c58,0
8d96b22e5da,0
ec0e75bf6b5,1
9d9690afc3a,1
8dae6e19d79,1
d5048388ccf,0
69c62fe74b1,0
20bb3f2c712,0
87e629a8b10,1
0f8463c348b,1
2147f3f1976,0
bf305743880,1
d9d03730d30,0
ffd8ccf4fb6,0
bc914fd8da4,0
0b760bf5631,0
3624584c240,1
233bd817e0e,1
e010e1b87fa,0
c3f92662075,1
8a9b62f668c,0
147d036d789,1
fb4cb29d5cb,1
b89dbec96e7,0
972ac98c130,0
87416bcb3d2,1
a4d92b16e63,0
d3a9c983afe,0
dceeed83095,1
0e899b3c29f,1
e424682ae01,1
fd768a357e5,1
0991ce9ea90,1
0dd9c8fff3a,0
02c26166d6f,1
fb51e4d4ace,0
d43e32f583d,1
067a51a358c,0
895f5f5a149,1
2f4b11fa885,0
63a62df90ae,1
9133ad797b8,1
552d39edd1f,1
28affa4d682,1
872e6fb0256,1
6d370f3ceb4,1
254bb7485e6,1
e3113a48abd,1
6dfab02f4c2,1
ec13a932e40,1
79d84dea2e9,0
6fc74d492b4,0
f9fa229cb10,0
1991243ec6c,1
a8c785fdb00,1
adb2b08977c,0
6d5dd383304,0
5519ea9c642,0
530e261a5a8,0
27963585445,0
9b5cc1cc434,1
94e720475d1,0
57c02da028d,0
6d532cd699a,0
a4c1e9eecf0,0
88d20d2bcd5,0
66357dca654,1
e233e106001,1
3e8ac3dc6a5,1
c4f6399bf49,0
c23552118ea,0
fe85e3d3b0b,1
1516026d7fa,0
8b2babf4318,0
703f6a2f648,0
39e14e09979,1
1c95ce5f7ac,1
2b338110fa4,0
0ad1b212fc5,1
fc95cbbe75a,1
3081cb4b967,1
15601d12eb1,0
82c4b5f5add,1
f5006ffa8ec,1
81f534818f6,0
be405c96334,1
4d52d217e7f,0
ee4fc35cbc6,0
3b412abe077,1
3ebe192c01b,1
d124a9d1e35,1
8e7baacb95a,0
af3b36384d6,1
44d9db7750b,0
ec112c832dd,1
f99fde34012,1
27932ac1c44,0
469135ac981,0
0595667f8f8,0
aa36db7675d,0
9c04afb4ad4,0
4d17f376bb4,1
cf8ceb50d39,1
c01530458b3,0
f184a89b51b,0
d68c65ab95d,1
2b359397eb0,0
ca65b0e215f,1
744b29a2029,0
d1918b45e25,0
98926b40909,1
d3b211136ff,1
fd2abb7667c,1
be1fa474b09,1
48c4e783091,1
2f5f3637c37,1
17944c3b8fb,1
9e2ce2d7846,1
bb606965e0c,1
12d24bfca36,1
b2e9ad0d811,0
74c8fe4e6ea,1
59441216f14,0
e40cd9ceaaa,1
fb196ce0f9d,0
b63b9a49376,1
dad6e31bcac,1
296bf0ca209,1
85875ce2a65,1
412cd972bf1,0
00969f4c378,1
f4c10e00a96,1
5ce2db51add,1
8be9f300c96,1
c6c822a858d,0
6a53d75c007,1
d002cd3d09f,1
3b847b34b5d,1
95589b59015,1
6406544e4ac,1
e14cc0ff2a8,0
a35b963d670,0
67b766a3792,0
8f235eec26a,1
7f85204fbee,0
cc72de6a2b8,0
0848c087b0d,1
9435d2503cc,0
767cf941317,1
98a4ca0432f,1
a5ab239c3b0,1
94cc1c8640c,1
53b9511a3c2,1
a6ccabd5002,1
c6ab5df39ff,1
5c5d01e917a,1
ac3fdf7b565,1
95c8a86258b,1
7cb79523cc8,0
2b30308e8cd,0
730c7483dc6,0
3935ae71ff6,1
5118cef93ad,1
051ff3ee2b3,1
cafdff55ffd,0
fccbaecb91a,1
92b4b93ff4c,0
03ecccb6ae5,0
29f282ea265,0
d34c2a57be1,1
a679f57ea37,1
7dab03795b8,1
11d08166173,0
e3f58ac6ffa,0
460a0ba4eff,1
b073cdd1ca7,1
a965c83ca83,1
789b2afe7a0,0
3de59db9d03,1
1848196b7d5,1
04acbbcf69e,1
b2b49023aa2,0
5aa53de15ce,0
fef27e13d04,1
4532a9a0233,0
baaa8e0a88e,0
fa7e73cec6c,0
8f9ee821723,1
dfafdb16e38,1
dcffbea9565,0
3379f215c8c,1
acb31dd0e16,1
182ece2f5f2,1
8b69d4ee390,1
cc48cc7880b,0
41d04a32698,1
ee0fbd0b992,1
a4c16a683fa,0
c16e4517cda,0
bfe25b5387b,1
4d339708ebc,0
e104730afe2,1
ed1d079ead1,0
804032da311,0
d70c6beabd0,0
3849da8b9ad,1
0083169140e,0
3e4beb4e0e0,1
36fa60b8c9b,1
443912d7eba,1
4748f1074a9,1
e320bf30052,1
69d54e5c486,0
e15a3f22de0,0
7a3c3e75cdc,1
acb45aa1634,1
adf5d46c6f5,1
fba726153a2,0
03d7bab1f0c,0
55051e4685a,1
eb834e80ead,0
cd79a48d40b,1
4e056c8f6d7,1
23139754ef4,0
4e73bb83311,1
174b220bb82,1
71a0275c5a5,0
9e23088e8a3,1
b3641f606aa,0
b8d1ddfeecd,1
4fa3c5bffb9,0
039c0baeaca,1
37c29f2b9b0,0
1a94bac1d74,1
f951db1b33a,0
f6ed40894ef,1
e2a5b74eb86,0
9158e0da583,1
20bbaf02e2d,1
a42b03ec7ed,0
df726feff16,0
627ade0f167,1
c156e7d3a29,1
ca21edfdd25,1
dd1b1a9f242,0
a514b7199fc,0
4fcc14d19a0,1
e2c01c31a7e,1
10e6c0b1df4,0
c4888b027c8,0
1cc2b7f915d,0
ab75f70fae2,0
94c6f0dc8cc,1
89dceb2e45a,1
d513a20c93b,1
1679a60585c,1
150cd65415b,1
1417add0103,1
5e8f284a4fd,1
5234a6eafcb,1
e63a8528ac6,1
2a92a1f9198,1
b5cbe6ddf4a,0
1468808f5f9,0
cd12881eb30,1
02745bcb3fd,0
38ed3117a16,1
44f581049fb,0
a1be3675908,1
aafbf17ab70,1
bfefe3dd6ce,1
b7edfecfa47,1
81b5343eebb,1
17e9bd0685a,1
e5d068ed6a9,1
90118b31661,0
485811fa0c2,0
5c313a28576,1
f5b4359d413,0
9858dd5184f,1
9cf337cb9c2,0
c86b8a866a7,0
1588beb0965,0
e1765e3e009,0
a3f05f2cc32,1
f97eebd92ea,0
587d6719932,1
520504f83d3,1
9e14102e35d,0
e63ef93c2bb,0
078bcb48843,0
42b3497dc4b,0
286731e7cb7,0
a287070b4fa,1
3b071292cab,1
c3966878684,1
04f4750cb7c,0
5d4ba69c64e,0
44d9f9cc382,1
3b4ee69041d,1
9fb4d660445,1
04382685015,1
c6f4b200c97,1
8ab1e6039c8,1
32bef46097b,1
8280bcb51ee,0
b497a8c0f68,0
948aaf187ac,0
cd56922d606,1
cbd7349803b,1
e61b9e414a1,1
6e5aacf831b,1
324afec3c34,1
75929a95e54,1
0d1c28b4c69,0
1a25486d5d7,1
f328e2e3039,1
f18e932087f,0
43a739b2b5c,0
d5f4bc050ee,1
60bcde327a1,0
81ccbbac014,1
2b6fa400925,1
def22bb1213,1
65c04e5cde1,0
d04581e8adc,0
c2e3b06860f,0
c2ac60ba3d5,0
9ed71fdec4c,1
629adf261fe,1
17f915bb5c5,0
5672e477202,0
4ac9fd087f1,1
bb62f8321b3,1
67f1619c49b,1
50b58f0a5b4,1
4fb096c7489,1
2c016b9c169,0
218f9e83d72,0
1ed04923e73,1
7001661cecf,0
1e1dee0ed8f,0
714018df495,1
70eac6cee4c,1
3b5f3bf3b6a,1
f8afe9dcf4a,0
68270628f9a,0
3e61e8c4ed3,1
699bd1d05b5,0
27fcf41f2b9,1
12fe42e862a,1
41e3547941d,0
a93cc4429a1,1
1d83a46243e,0
823038d1275,0
42d816eaaa2,1
64cecce20f2,1
6dd2d15bf62,0
a132e8a158b,1
74b391ca7b2,1
25fe201491e,0
2f000a11bf2,1
1239a890e1d,0
703b81f23a8,0
22846a6b07a,0
57f2bde595b,1
b3bad38395b,1
c965c559274,0
191c3068eb1,1
02e70366c33,1
117450ef71e,0
a2ba561fc87,0
c3b64791a1b,1
88f242f197c,0
929d7626c1e,1
d765d814259,0
c467ca3bba3,1
40c1e19d988,1
8676114b691,1
6350d7ce5eb,1
433c3b9fa7d,0
0eae36364c4,1
f1b1884cbd4,1
04c51701276,1
cbf6544111f,1
04edc4f318a,0
da7d21a405f,1
7ad43a9253d,1
2d09879e693,1
05f27ec7986,0
444f26f72d9,0
674d8441026,0
7bc2389753d,0
abf1dc41b5e,0
9b1fdb62a03,1
034e2dec3d9,0
ee8e90e5ec8,0
cbe8e6842f6,0
0cc345cf92f,1
3a5d1d63f38,1
903a8be9020,1
807647bc790,1
4ad88553059,1
b69baf94779,0
7dd04ef2156,1
f4b3dada517,1
fe9d11e5afa,1
a246ec3a8d4,0
84563bf5675,0
a1789998ed5,0
df567910cf8,0
900387bbac6,1
f9067cb2445,1
a7feaa4ca57,0
d00a52df5b5,0
acbb1212457,1
e5265f0bf06,1
b2b8950c513,1
d8895030a9a,0
8489fa26f96,1
c901b506286,1
27098414631,0
0c2c19f95ad,0
2de5e6c67a4,0
6899c45f30a,1
d3ff0660d72,1
c028b11f9a1,1
02b66f083fb,0
b85496c37ae,0
d8c985952c4,1
eac69839722,0
07165e91b8b,1
f3282ee3f8c,0
ea6608b407f,0
e8069c9b024,1
94d6cc55a33,0
860e154614c,1
38c21d5b5f8,0
f133e85102b,0
df0c0afa0e3,0
048d3048430,1
6513357d4bf,0
1ab0c7074d1,1
cf55b9c5c49,0
b7ce1dd1fa2,0
d18464cb331,0
6c714805021,1
68804939f45,1
220c5bbc000,0
c201606e8fc,0
54c48d2c1ea,0
a331991f3fe,0
c69598e9e80,0
b195ff89d1b,0
6683eae66e0,0
de0e6470dec,0
c01cb8dae75,1
0f01434e4d2,0
c92a78167a7,0
2333df5b3c7,0
fc14ee4f43e,0
2e7ee368f62,0
7b8f97ef649,1
171d9664f94,0
2a09efec690,0
bf4f3e1640d,0
110c74a90dd,1
163b2d30acb,0
51a12ae9dd4,1
6e107fb6385,1
75318134ff8,0
2ae821729ba,1
af5eb5507ff,0
cf1b4986464,1
b87f5c2d30a,1
bef366790df,0
a6bd4f12414,1
a7ac053166b,0
ae755d2e390,1
b1897d43956,0
97343171702,1
444cacc89c3,0
b12fedc7756,1
673dec54827,0
6d72a15825b,1
2e3c219c354,1
c05a9bf894f,1
0daf8e7bfeb,0
5e672761d75,1
2682131c2eb,0
292cf562f6c,0
caa79eb5e06,0
e065161fb05,1
51d73e3d632,0
a9dee1084d8,1
156df165476,0
d4218b965c7,1
e5a57fb4a5c,0
0a1c9ea0984,0
547cec0038a,1
f3b2698021c,0
3c06f6b2446,1
fa9aeb16a50,0
d87a0642f5d,0
a895e17db63,0
44db74b3909,0
7e31074116e,0
652f44f348c,1
5f4aacd3d69,1
53cf05172be,0
e4ff716dacf,0
5f44544c9cc,1
4d48b724a86,0
8dd1e5680b5,0
ed461a910cd,0
fbbc43348fc,0
6c5c3fb5ded,1
a389bdf5fa1,1
a487fcd0b1c,0
847785c09e2,1
3eef805f7be,1
9a50a05e2bb,0
5fdb760a4ce,0
4fa6c52030f,0
6572e804407,1
0df2ffc67dc,0
35822b97097,0
45df408e053,0
6ff12183cd5,1
d9e92a795eb,0
49beb1bba1a,0
8db0cd1b223,0
935aa8caf32,1
ed4111313b3,1
15d78b609c4,0
0a2b06b545b,0
c8ebcf0bc48,0
ff79e243d37,0
e285d683845,0
2b8724360e3,1
69001e49737,0
2205745657b,0
8ddb42ec047,0
5f6212c675f,0
1b761942803,1
e111324eeb0,1
e32bde41e99,1
dc15927be09,1
6e3318c80dd,0
07b5f4e8a62,1
603e954d588,1
436dc2f4318,0
7c932c8a5db,0
ff59ac6c1c0,0
713a29fe3bc,0
5b45023ebfe,0
1fa4e2c61ec,0
13cb12b4e7a,1
36464609f0c,1
5f4b124cc4c,1
512205ec301,1
f03aaac3112,0
56821f434cd,0
afcb81928e6,1
c828808b17b,0
980dfeec61b,1
48adeeb9ca2,1
0bb2d63be6b,1
86c330a38a8,1
02a0b0f2a93,1
e1125fb8fb6,0
653500ef2ac,0
1c3e823677d,0
bda245078d7,0
423fe2593b5,1
5e9389f63ba,1
1bfd6f8f1ac,0
2cfc65cedec,0
73b717dee8a,0
179d9bf9ebd,1
527e98a1feb,1
610f02c8748,0
ca0e5ea9878,0
921c3b2cdaa,0
05e238d457f,1
3b80d758e7e,0
3187ae080a0,0
7aff7922b7e,0
10e8958ab74,1
5f729766061,0
d86c4957b62,1
53cdef5a0d3,1
c6a925afa8a,0
9db4544716c,1
9ed925e8a55,0
1db8f789522,1
9c46196c5f0,1
574f269a35f,0
068755f4f71,1
5120110cae7,1
bab0945fab1,1
38d78c659c4,0
704d934cfb3,0
27e237adb62,1
8c81a3f1764,1
3b85d349f42,1
dbfefd63474,1
760ca21471e,0
4e0a3716a31,1
20203de1d86,1
d5204f7d0f9,0
7ae786c3aed,1
5de2c128aa5,1
2f8454b1708,1
23433f2a492,0
27f82bc07d6,1
4561a22c88b,0
b5f74820b0b,1
a32a1ea6e20,1
bcfb977360e,1
3fbf60fe476,0
c6127f1d670,0
28caef91c67,1
ec43aea0666,0
0f636d1c739,1
70467214175,0
7dfec883d69,0
a132bbfe0c3,1
5b3f37c42a9,1
31d59d38ea1,0
08be515f22c,0
97bfe633ab6,1
4ebc581391d,0
21c7785daa0,1
e6d13b0fc13,0
89f596b1b1a,0
0422fdafa5a,0
6275b5b2df4,1
7d46e63f7ed,0
4c8d8c26ebd,1
61c7cef9a42,1
48525fa3aea,1
1ae4cdc385a,1
f3555af138d,1
aadefcfd025,1
16964690604,0
e35be440fbc,1
a3d9b68e658,0
605becffb58,0
71803293083,0
b69a4dd3251,1
6cd1787c3a5,1
f2a90a4add0,1
0e8bd81785e,0
bf593d00177,1
93351e4946c,1
cc326319917,0
e3df64ea0ca,1
a41a8c74902,1
906c94855f7,1
86a3e7fbb2a,0
dea75406f89,1
904e9fc544b,1
5e47bf703c3,0
bc32992e890,1
4c205cfca84,0
b35b4c54c9c,0
c87efa7d0f5,1
7f80fc811d8,0
c30fb731db2,0
90a6bf34e9a,1
4158a84e290,0
bc01b4c26f9,1
93e4b611e20,0
f435c9b4165,1
7cc729185ce,1
07904d13e3c,1
924879f58d4,0
2d28b967d1b,1
0e4d47e9ecb,1
7cff773e334,1
f52e6ed8071,1
cb7ce80397d,1
83b162dffdd,0
9b92cc7802c,0
6c2596df212,0
ca5eb96dde1,1
97c2a93f74b,0
1fd247e379d,0
35791ab9379,0
027e284f834,0
3a7939a85f9,1
1fc91f5522a,1
74cac127a0d,0
1abc21df487,0
c7fe8b91e7b,0
a8be3e72601,0
c57e7c35c59,1
c1ac56b7047,0
21b90628263,0
71d5ddf3f3a,0
ed603c80866,1
e12a6be5dea,0
d06a0b1b93c,0
77f17c87be3,1
166ef2f2346,1
37c87c4c597,1
b2b29b1cf9a,1
baabb98212f,0
7ba28fa7d75,0
81936173dd2,1
010307194e8,0
aa13c53692d,0
ce8cc59c271,1
856130db16f,1
9ddc936218e,1
ea8767ff416,1
4d7be5352c3,0
f74c4de9343,1
e4117e0d914,1
84a45323a77,1
cf987dc772b,1
6c59a15ffd3,0
52abe46ad0c,0
fea98f40552,1
7bf7576f66f,1
b120f25bd6f,0
997b1b16940,1
c300fd7651b,0
734d83176e1,1
151b39c71c5,0
d07f471a576,1
8c3ca58b3e8,1
c00b6b8071f,1
960a5dd16ed,1
e538826e36a,1
27d9a5793ed,1
00a844cebf8,0
7900557349d,0
a96595577cd,0
b9e278cd446,0
4c09636d186,0
5b6aa4d7a56,1
726f586baf4,1
10b5ca486e3,1
f378a30fb73,1
e99765eb1af,1
66cd4106776,1
de285f8241c,1
74073cc2c86,1
daf9fbdbfb0,0
ce5992efe12,1
94617601d17,1
aac1fce8c10,1
7934177ef3a,1
cae041065b0,1
19c2ca05f74,1
9cf518dcca7,1
b8a9ee6450a,1
c18928d4704,0
595b2d3ca93,0
8eff3ffe54c,0
d60e217802c,1
203c59b791e,1
976f68db876,1
471c0de5ff5,1
62cdb1069fe,1
ea16fe475ba,1
036f0bc0dc2,0
b3da9401af5,0
37c01b03ec7,0
a4124ef5a06,1
2df90297f6d,1
4aa7c448b77,0
6aec1d1dfb1,1
041cb598a96,0
b13d15b3201,1
fda6f88de93,1
aa6c86d98b9,1
bf49a11f699,0
9f8b6167265,1
7dd39a62bd3,1
0b84ebeb2d1,1
92465e4df0f,1
acff0d3848b,1
817302fffa2,1
2db70de4206,0
27111cb3aa0,1
b17f1cce041,1
4a507dc201e,1
40e0a8db479,0
297f107c338,1
74bf2f2a1ae,0
e1d37aafad4,0
2637943a2ed,0
a03edf648bf,0
f98369f9ce1,0
fc558c8357b,1
67b26567676,0
300da3430f8,0
fcc021c36a8,0
93a349ad7a7,0
eeb7f5c4cf9,0
c432be324e3,0
540d9e62370,0
bd500ec23cc,0
746aa8b364b,1
d7c8553b66d,1
8612c57724f,1
55622b76854,1
95ef45bd2a5,0
3240eee989d,0
fe267e8007e,0
f9f19524ec4,1
97b5266a82a,0
56c101dc2d0,1
0c71e9f8444,1
c8e8e30b7da,1
e7a42acdd6f,1
8a0c2a01f49,0
a87b2e6d4c6,0
2fae13b362a,0
fcad60362c1,1
ba3fe909f80,1
d6f7822a5e9,0
92da8c87ede,0
a0b4a5f654c,0
d4d12f3f84b,1
f05861bc0a7,1
c3d2a4d4633,0
28a47c9509d,0
0404a8c2624,1
112d32ac7c2,0
518ba00f6eb,1
7c9ea70612e,0
0d2d76b1765,0
5a288e9d3e4,0
9323dc6b832,1
ef7af7f8bfb,0
d35b8e240d0,0
ab5bbcd008d,0
a2bb6d6b586,0
3a93400397f,1
5d7beb76a9d,0
53dc8e65c86,0
ed43fdb5a3f,0
53c7dffcbea,1
c2ae555aaa9,0
1519a288d64,0
2bfb2a4310b,1
823366aba14,0
c005e35bf8b,1
1ea0d3172fe,1
6479d6c06db,1
6dbbc459eff,0
c16a5fffc38,0
ad096ca8841,1
5cf07df6bde,0
cc5fcf56aa1,1
cf2d2384e69,0
97b1108f1f2,0
c1e4c8c972b,0
48fd57ec2e8,1
45a61142e4d,1
f31eea20f68,0
130e533ca78,1
c8cef1b1e03,1
7b704970b6d,0
26538cedd20,0
897a1f54cdf,0
9f539a9d13f,0
6b14b9b34aa,1
ed69483d1e0,0
94b6c4f190b,0
ee67d221a10,1
cbfe811093e,0
50829ba9a9d,1
0b85087237a,1
0f63f0363f0,0
68873ce626c,0
1d648fa5874,0
6ad87157ece,0
5243a446028,0
8268b6d8c12,0
c8a97d9198b,0
9f881317e4d,1
14193600c4d,1
436a419a6df,1
066fb98b79f,1
4d72b4bc8d8,0
583e06a0bc4,1
7eec6d929cb,0
a0a94aed648,0
8a8a29df42d,1
57869b02706,1
3adf557ce24,0
f23af32238e,0
f7eac54dccc,0
246fd6edb1a,1
04f60d7c879,1
8d85ff63166,0
595c8cd2231,0
72912d7a1d6,0
4d74eab184d,0
54debf53ada,1
97f5456e22c,1
d1d34ef6006,1
7ed802a1ecc,0
2e121a75f7f,1
2a50e3840b6,0
045bbe07ddc,0
90631d57ec4,1
10032604b9a,1
f3ef1c905ee,1
6181a81ee6a,1
9a590b6a44f,0
ab22f39e766,1
1e2ef411689,0
af14aa42608,1
65e27ca372d,0
c175ebe121a,1
233bf3f30fe,0
4b84543d600,1
1b92bf36b4c,0
82136877d31,0
a1b7291ee66,0
23c9383327d,1
d1022240d57,0
ffac20bf2d1,0
fa9095af94f,0
52eb96c1d3d,0
b6d908b396c,0
97c3d9a9ef3,0
45c1ed54bd3,1
a2934efceb5,0
2d7810740d9,1
555b9e8ae55,1
7d1dd56dd92,0
b4c1c92d5ef,1
ea0d8edc67b,0
7b20d1fc71f,0
4bfcbff7a5a,0
a27711bcddc,0
dc2fc22e231,0
c595f42fe3a,0
155a71d7a49,0
0fabfc2e1cc,0
53d3945fcd9,0
3dda2174326,1
81189be7231,0
3fb40ab4650,0
61432de2717,0
c4a9ae5f87a,0
838bd5faee6,0
ddb28177ac8,0
429ad49258d,1
32b712b44e0,1
9991fc5ef4e,1
1600e532507,0
82b92790709,0
3e3221971dc,0
2768812032b,1
93b6d3779ed,1
94aa7ae16b1,0
909bb9b18cd,0
09fc5239a9e,1
6f923c8ba0c,0
c6a6830f173,0
e4cdaaa1c19,0
61327eecaf5,0
f51f3f5810b,1
c8679989673,0
e253c54b584,0
7c91a402781,0
fd292a1d928,1
58fbf1c2b08,0
4ccbb51af5e,1
6df8a443499,1
1a4c95426f7,1
8dc3e05696f,0
58296f5a96f,1
51b075f85f1,1
0e4aaa3a439,1
87b8e2869a4,1
7e591356b08,0
5fcf5a7c267,1
cb874aada39,0
9168a31aff9,0
2b9678285b0,0
8a4ccb5b8d2,1
978141a167b,1
cb11f2e85ac,0
c2c2a756aa5,0
6af6a5aad62,0
f5cf1043e37,0
01050fd49bf,1
2ee382acd03,1
299ebfe2091,1
9a7209a557e,0
924d21f7d82,0
4744fe7bfc5,0
cb711417bf4,1
fba46719153,1
9f3e4dd1b39,1
a611de3adb7,0
cf5ffab9c47,0
096386ad831,0
940e42b80c1,1
74621b5d155,1
e703c5d622c,0
61b08b418db,0
46e12f81f54,0
ef4ff2c21ec,1
f489ca040c4,0
b94145ce7af,1
e0285b1a332,0
add7e3e6f9f,0
c5c09f97b05,1
a0f0bee1a72,0
eb8d3569aa4,1
2449f363550,0
22149a88102,0
7170932dcba,0
9cdae89c15c,0
0c168b3b379,1
02dfcf9bb6b,0
8e8952b4954,0
6802218e262,1
86238b0ec7c,1
743f5051aac,0
8a07ec1258c,0
127adc6b8fa,1
2832c81be24,1
e2f95580b1e,0
d949ba997de,1
cb37f1bbddf,0
1564df8b5bd,1
0aa19128ab0,1
a66062a2d46,1
f4de929e8bc,0
c6b97acf304,1
9279e387db8,1
17a0361f68f,1
5a8f5ec93de,0
e07f9dff367,0
f916ac8fe4d,0
0e96e2356c0,0
a282b675320,0
b20242336ba,1
bf904f3882d,0
ba431fc3469,0
820c13f1416,0
febb987c292,1
47bbcb48fa5,1
e8d75862292,0
fabc5bb022a,0
2b4b8960ce9,0
6e8c1b81810,0
51623ae14c0,1
7b54500114d,0
13988d38646,0
9919256d043,1
b1e0a9a082d,1
f5adbd90767,1
91183494a02,0
b73016a5f9c,0
166095a6694,0
799f3715c67,1
f93f64bd621,1
d6809b705bb,1
001a3bbb887,0
bb884d60e63,0
291b3e7d265,0
a139452c412,1
b7a5ca77e06,0
d58bd918ab4,1
1adbf0771ce,0
dab46d8bce8,1
1f5f352e6be,0
fbae3a7a9df,1
577f7ac9dd4,1
79e3d542b43,0
9ddcd9fd4cf,1
e8a54c0b9ff,0
71f1bd7de83,1
9f7747571f0,1
dccff7e5aba,1
1cc66187f89,1
a52400e05da,0
0fb6c959115,1
74ddbc32358,1
8b6a9c63946,0
d889072507a,0
7985d4f5380,0
8986e570848,0
3f0219a4f0f,0
a9b3ea7d081,1
05c3cf3b0be,1
65c591bf372,0
363c765c914,0
5de685d0432,0
dba88d5e315,1
fe5764473ed,1
abb4bf60fe5,0
f50658f588b,1
ff8b19891a3,0
4316c34be78,0
3832e50ad4a,0
ce5f97452be,0
7da02fbbd4e,0
21aef08aad8,1
4bab0371226,1
1fc2ce74fab,0
a45fb46f180,0
6edce2bbb5f,0
0f197dab9be,0
7afb91c0dea,0
8fc45d3ed38,1
dae2d256871,0
67f8ae46208,0
471335d67c6,1
13a1d69137b,0
1793948b470,0
4fca3747922,0
b9d9845ec49,1
8986283dc13,1
ed4d1b93044,0
77a69af2d0b,0
19c63d9395d,1
3d58d64b645,0
2855afe8349,0
d00905e7c8a,1
a75d99f58ca,1
4bda3185ae4,0
b676a484c3c,1
5a70a6f702c,1
dba03329248,0
a076197bd7a,1
3fc6cd539f2,0
901cb6dd713,1
064d078054e,0
be4569ae59a,0
29d9e8cc8c3,0
8d771d9b371,1
9e8b33e9dba,1
29198b36922,1
6d0f5884c51,0
9770140639c,1
dd8db211851,0
706d461a814,1
42c2fb63f34,1
27188d63f29,0
758d6aea334,0
42176e44bf5,1
84ed9138d05,1
51716edb912,1
55fec1b6a02,0
a7e23e0badf,0
11271fa79b0,0
d94204a4a84,0
45930ca01ae,0
2d47951bc32,0
b929f5f21ee,0
f217aac39c4,0
a5cec1460da,1
f90116eb0f4,0
3da9c45cfcf,0
0cb5d21c176,1
ddb48f6c37f,0
6c57b93c5ee,1
3fb84e7e6a2,0
48e9f34e7e0,1
6a6b875f0f7,1
329901fa9d3,1
a85947394ad,1
9f1756213a9,1
0d0952852ea,1
8ba4d7e75b6,0
7f71f4c9225,0
52aca1c350e,1
d181a7a72bd,0
632e7ead672,1
ff48fbf0bcd,1
3af39b8b7d2,1
1a5574bda0a,0
6c57d9fe8b6,0
acd6df33e67,0
09abedee9b5,0
d5ee02a17e7,1
3a43dce37bb,1
23a2e6507a3,0
ef3d965b87e,1
d756ba408fe,0
a8fb486fe42,0
7b306430359,0
0f6e442c124,1
d1949222066,0
60ab8e089cb,1
c1f01b160e5,1
8f3f1d7f629,1
3e792be9d54,0
6a328178cf6,1
318f575e54b,0
97d3dcd0b2b,1
5738b12f988,1
f1e5d96bb60,1
dc333949072,1
895c4a271e3,1
492775500dc,0
6dee3632ab1,1
8c5501c4ca0,1
2ca9293e3fd,1
15ae21abf3d,1
1af3dfbf93e,0
06eb34f44f5,1
8fe9c3175d1,0
1eebc125f1e,1
48486a6f99e,0
adbb5202bb6,1
e13e0efba8a,0
f90bb4bcb66,0
9cf78b81713,0
81f58b85e04,1
1c65378a27a,1
e69565f36e1,1
4f4db3eb481,1
cf645eda478,1
72c7c5e1bdc,0
6ec67aff3b6,0
73006684ee7,1
59e1b9bca3c,1
8a70a3e6842,1
e5484c3893d,0
6d766d99b8d,0
44a0c560eec,1
93df98fc786,0
6f6b948d3a6,0
65227139d0d,0
7c2e57fb16d,1
b2fedfd2dfe,1
6952ff9a380,1
1d9a0a24a2c,1
0fb0a84e6da,1
22031a5e658,0
4f86a0cc088,0
a96aa68e951,1
daf4b52fece,0
8a2b48bec7f,0
9b6e2eca3c2,0
250e9d1d084,0
9cf36ab1fe0,0
d5ef6a674f2,1
123364a6b24,1
f18b7527316,1
beeceea4b14,1
bd4a9b1d33f,0
1ca32368225,1
8c0ad9bb42f,1
9a11216ee6d,1
ac2d993aa8d,1
275db54fefb,0
6243ea1a947,1
7c0fc27223b,0
bd135f085c7,0
063b457d4e3,0
a8cb351dad9,1
ddcf6fd1380,1
5569af7f373,0
95be10baa60,0
a7b0274205b,0
132aa8d633f,1
39911498231,0
150253694ff,0
6734e4b75bf,1
d8ebf057842,1
b28a0c21363,1
7708be2dfd8,0
c9764c7ff63,1
8e459e005d7,0
bdc499f4d58,1
374cb7ca55d,0
108d60fbbc8,0
1a3d9092e48,1
0626cb9c4b5,1
ccb37fff987,1
409cf61748c,1
25f3f837b63,1
9ca4c029078,1
5fbafde0616,0
f3f8d05751e,0
439abf0e783,1
2aafddbe162,1
864a610c02a,1
2bb3402ff6f,1
42ed30bf9f3,0
dc862d8c4e9,1
231561eb176,0
1e2b0ddb883,1
ca820554f6e,0
c1e4286b4b7,1
a1ba4d5be5a,1
af46d40239f,1
5ada1319c53,0
ef9e0d09324,1
956d1b3f9a6,0
b8cdf6894c2,0
a4b276f2963,0
d10353424d7,1
79311463b48,0
4f9ba494948,0
d50806a71e5,0
ca07dfe2266,1
d7bf50d0982,0
4e85d2bcebc,1
991ee50b177,0
7805b7d8c12,0
ff5e13ee8d5,0
41c5babd298,0
ab2cb2e1e3e,1
ad5854c8f84,1
3afcebe371d,0
97976757541,0
14b9d47ad3d,1
0ace8fe9013,0
225f6b2cc2c,1
8aa7126c98c,0
19a5079f03e,1
14abd174290,1
ec62f9b3310,0
50b245f7b02,0
a6ba0f0061c,1
a5621c212eb,1
805a1621e43,0
899e29075fa,0
c54bb970f43,1
6538474f10d,1
d0150f80c72,1
5cb03610ddc,1
add25f18275,1
38e3226dd0b,0
9749c960841,1
75d8c83ab57,1
f7a0f16dd8b,0
8d6796b71a7,0
f1647a8a204,0
110b336ab97,1
9c942913a15,1
a8a94385474,0
8984feccd5a,0
e451d865227,1
3c90ad73a45,1
3663ae23598,0
ac6986d40fc,1
c7855019fb7,0
e2d5ec6700f,0
c86d01ed87e,0
895cc56116d,1
0efffe8ea49,1
e38402a1497,1
89190443433,0
0c36f8f6eb2,1
90db8d7f428,1
f7c29abc9c3,0
4f52464ac01,1
2dbf8c5dd38,1
b0eadf2b781,0
3b8e90f5247,0
db10d58327c,0
f6b134d9fdc,1
60f8198c39d,1
fe53ac656a0,1
d9639d0e24c,0
a7bb916d7ef,0
82d355ad206,0
362f8700e7d,0
c977254b023,1
0f27c9b3382,0
76518024f14,1
cf07f8d9f9d,0
5b8fa3b9d09,0
e55f6dbc90c,1
aadc8f4e3a7,1
dbf336b7ede,1
fc109d557f6,0
888b6f66e46,1
9ed0fb3a48c,0
9ac54397767,0
59f90d6ecb2,0
30573baed84,1
1f89d6e8bd2,0
b3d5285dcd0,0
698cea8a597,1
fc217191698,1
2a99043574d,0
9dce28cd2e0,0
130081bf8ca,1
435e3c656bd,1
936c370476b,1
d8a6d9a1f83,0
ce04ae81b25,0
03b80f5b936,0
24f89bcab91,1
47e1e136a7b,0
6aa9c7598b5,1
5478bed4f9c,1
92f501040ee,0
d5920a7faba,1
5e5ea782442,1
be71ae98950,0
2838d0eb7d0,1
e0404fbee80,0
15117ba04f9,1
1963975f173,0
7524b726be4,0
fcb840d85df,0
adcf2308c99,0
2618b7f1a7f,1
9cd8329f4e5,1
661c5092173,1
92a02ddded2,0
92e46e913e4,0
26513b05bce,1
96efe706dad,0
25a8097e0d9,1
b569d34b68b,1
0168681885c,1
0679b25f5f2,0
1ed14b6102e,1
4a1d2290bea,1
14067b6572b,1
35e2f5e91f6,1
ee3124fefa1,1
b00bb892cdf,0
a789b76e8ac,1
783912505ce,1
b7fe27fa191,1
84c0bc18ed2,0
4ab6bff28d3,0
f1f36c58e4e,0
ae43c07dd60,0
3dc469a2611,1
b71d400164a,0
89a4c88c5f8,1
707a8b63495,0
c93182d2fdd,1
0b1a2d523db,0
7c236632b16,0
915f49e48ed,1
89fec0ce5a5,0
0fee9e6b2a6,0
aa7b8066395,0
772302e6fb9,0
cb48c930ee1,0
91c75201688,0
8f5393ce75b,1
19465c8cce0,0
6f7b04f745b,0
0375817b75a,1
d34c983716b,0
32aa2c6d580,0
d074a068ebf,1
328baeec25d,1
4f202e0f77b,1
0e72ab86d9b,0
46571362bf9,1
bdf0aae37f7,1
2c473b8d33c,0
e68f1274bf4,0
a86f5466484,0
00fc8cbd2d4,1
fa183c2e4b4,0
a906b501de6,1
e2cb447c32a,0
a46e175db71,0
97324632e5d,1
623e9e4e01b,1
ecb18bd8167,0
54b1cac577e,1
2c0176f4e0f,1
59c5b27cb3a,1
2623e7966a6,1
469b93bb597,0
647835d40d8,0
215658f4856,1
2f674e58b3f,1
cb463a64f7f,1
92567a6b525,1
1047f03bd9d,0
ea3e3cb1b0c,1
4150920c2c4,0
4fd59f0f489,0
a32df361821,1
da487749268,1
a5116bd8961,1
78cef157b97,1
c2cab1dda45,0
568824355c3,1
32cf31a234a,1
2719889d231,1
59b68d7d198,1
a6b25ae826d,1
6c82ce286ef,0
6cd91d5adfc,0
64a4c5707c3,1
4a29dbffd30,0
f76a995efe4,1
017fcbff41d,0
f673b81adec,1
b0203160f91,0
8f0ae63783f,1
70bb0dd37c3,1
f7f84dbabbb,0
f5f0984ce9b,1
5c1d4cf7068,0
ae465ebb751,0
2f1e15b63ee,1
b3de5e214cc,1
0a05d804f2a,1
657aeca136a,0
34e90b3c863,1
d2b07f239a2,0
feee908b720,0
96500d411f7,0
8445c0cb58f,0
b012332f671,1
ae86db6d4fa,0
981d1444767,0
8954dafd3e0,1
338dbac0714,0
116f835be52,0
8bb5ac34b85,0
30eba994477,1
e267d21673a,1
6f6474f287a,1
5f160b8480d,1
8ca08363663,0
3763aeb6a6e,1
87bfe448e39,1
ffefa02f0c2,0
527cd11a55f,0
ecb9d892181,0
ad79311b4c3,1
497a6814b9d,0
7bb229701b5,0
34089129db0,0
6c9a016e9aa,0
3894ea6098c,0
dfbd75cb463,1
e96b5705669,1
58f42a432dc,1
0a4ccfc9004,1
d097a74e91d,0
01001fccdd0,0
31121ac94d1,0
87be9ed5250,1
2b110031a16,0
3600d376dd9,0
9ba740098b1,1
56540953750,1
19f296eb6f7,0
7ad810e4c22,0
b112ec06ae2,0
8d2bd6835de,1
928b22f10b0,0
3b964c012b1,0
6e13a82bd1c,1
a6e4936e85f,1
72853a05fd8,0
751b8195b3b,0
fe5d12ecd67,1
a4f08804e21,1
2c18a7bc22d,1
f5eb0c2e038,1
c91c43a0304,1
9deb7b5fe9b,0
63f73a1abc7,0
a1179631dac,0
2f596cd768e,1
4cb94a4bea0,0
2cfeea05e62,0
54ded6e358b,1
a6335ff1d57,1
4c923d5ae05,1
e5f5932aa85,1
c5ad43c91cf,0
672aa716b23,1
2eff1e54132,1
912e550f6e6,0
32ecc156c9b,1
c15cd08b41a,0
b0011e2c9e6,1
a6afea8378b,1
eeea9c0c4d2,0
40eb872d718,0
8555f5811db,0
502e55254fe,1
68325b0c18a,1
a41c06852db,1
699a04fe59d,0
e8434a5d9e9,0
899303464a0,1
0fb6f7e3cee,1
36ee80590db,0
61ac6e742c9,1
b824b63cffb,0
caf25d1fea6,1
7fbec1e98db,1
c22dc32c991,0
4c4e91c6071,0
a408a189480,0
7f6d84858e7,1
912d9e6d062,0
2ba94b56ee7,1
cb469d841f5,0
8104690bbf0,0
12880fd2f5c,0
3a02f694f0c,1
586e6d3ade3,1
18f5fbd47b4,1
cb7bd88b61c,0
5bc0c37be9b,0
3e79654cd7a,1
fa58e63e4a6,1
6a5e0a27675,0
a2619bab3d3,1
b6a8573ac2e,1
f59737f8364,1
9d9093c458e,0
4e7e62679c8,0
8204866cbed,0
5fa040b6a10,1
2a0769f8d8c,0
6e0ca7d2765,1
c961817e0ca,0
b595ce7a0dd,0
f2986de91c4,0
65809c6fba6,1
1a882b3f443,0
f9543856ebd,1
5d48ed9356c,0
527d3a2ba85,0
c384644690c,0
884b30d1060,1
07142292d63,1
f7cfe5525c0,1
d6cf4136de4,0
ef9d0e40502,1
056bf01a458,0
4335b44b0f3,1
3652792809d,0
71ade345d77,1
cca312ff818,1
443f16926d0,0
4ce9fca34fb,1
4a2c62a6ce3,0
a2cbfc43771,1
8233a06a507,0
9427b85fea3,1
690932ddabd,0
1266708f1fd,1
258cb22dca1,0
2db2aa7da3d,1
9b95b38b07c,1
8120ca17b4f,0
a64557eb4da,1
94a6832dfa2,0
11626c99ccd,1
433597dcf7c,0
1937826e38f,0
1a34e4d47d1,0
ba61679cb93,0
fff9a9a5cad,0
9a9aa73f1af,0
c12bac7c633,0
265a5fbd9a7,0
227e2310fe2,0
ea31257e8b9,0
d74b247f287,1
f256c66125c,1
a8dd3a073b1,0
fbe38c77b94,1
b1bfa7a3fee,0
c5f7252d0d0,0
b539fcfc780,1
9a1d0605311,0
6acd83913f6,0
7e88da59928,1
3c48d8f98d9,0
8cf07ebd0eb,1
9944d15f571,1
dd80ee0b62b,0
375989760d5,0
93d33082b5a,0
57dba876624,0
6dc2d239e19,1
87d594b3228,0
c7104ac214b,0
409b503467a,1
d7537d9d27f,1
e71915f603d,1
0741cfef009,0
280988c729f,0
65c57258394,0
ea188fb252a,0
17976964a3a,0
f49383d97b4,0
d159f9576ca,1
7b211dcabff,1
03793810e47,0
d65bf8d9ff0,1
da93020c5b9,0
92a9eb5c6ae,1
2b42b822e07,0
d19f4da399b,0
1544540620f,1
4708d1c41a6,0
90ec463008b,1
473dba64e16,1
4751edf6a52,0
d98b3f463ca,1
917b09efc22,1
8b62df2194d,1
959ed812413,1
d7c4152f68c,1
6ebb3b7e07f,1
c0d2c9cd745,0
f2abb777c98,0
37f4ee65382,1
23ac7590831,1
a77bfd2f0c2,0
e736deeffc1,1
9645d06135e,1
42840af2148,1
65c16c32d6f,1
f7f63515acc,0
cd90980bc42,0
96e63bfacdb,1
1a03ba82692,1
76c00dd22fd,0
03aa144998f,0
5c7aa0a1433,0
0a58ac1e946,1
9ef50cbd43e,1
dd9a2425645,0
0cd21de079f,1
b617fae366e,0
0f8f21b4408,0
604899906d9,0
d662daa196b,0
a0aa5282573,1
8faf224d84d,0
4567c60a8af,1
e7419563984,1
fa959c3395c,1
0bdfc9210d3,0
8ece96aaeee,0
d1818bb3d72,1
286492fa1bd,1
658faa66e2f,0
ea3b7fe2072,0
cb1fa1ad04b,1
7633ed7d799,1
97c270341b3,1
cc52d68cbfb,1
c3c9a50e952,1
b7b8b7b068a,0
217a33eda2d,1
c1e93abe3f2,0
09528a0699d,1
027f4207541,1
3eea02b81ec,0
6b58a502fd0,1
21b27df4ba0,1
cc975ccce5b,0
f5afba4faa4,1
13703cec03f,1
251ab2b975e,1
cc682eecf08,1
1ea1dd065f6,1
99846da072c,1
cc253dd87a8,0
89eb6d53d0a,1
5f0d5c3a4a8,1
9da77f1b60b,0
541e13f8b4e,1
734dfd3bc29,1
bd4ff35965f,1
9d9079492cc,1
f0fe06639ff,0
381d1e1bf47,0
54b54caa07d,0
4eeb710d531,0
8defe0bc31b,1
c67d1027d22,0
a4abdc82a07,1
630db7c2b8d,1
40d85645848,1
00bf079982b,1
ba1fed4e4d5,0
1cfddc7d747,0
92becb4b9db,1
23a54dc9b7c,1
48a406b343a,0
443e98d4c87,0
94cb99c6bb2,0
004e94075d1,1
ccbd90b314d,1
712769d3797,0
4d9f1bfb983,0
e9a148f7585,1
4bd1b3fd47e,1
0c91de4f400,0
d47d7108460,0
8474d97fce2,1
48839e32b8a,0
5900bdab925,1
96a4a54259d,1
ca6104889f6,1
5ba5163252f,1
20210a7ae2e,1
f0fe231415b,1
57212e1dd49,1
e8360167880,0
bc81b869812,0
df44e93a5dc,0
47f783cd68f,0
c10b2b297cb,0
b2517589f83,1
ed14d5b5391,0
1a11142326b,1
a2876e12ec9,0
8a41f111d62,0
b2868c423f5,1
6488d34c363,0
b931075b383,1
fa2dd14948a,0
3d0040f427e,1
73ceea262f1,0
8f152a43d50,0
d9cec350a7e,0
a0fec7159ab,0
d2ef55e80a9,0
d8a3d409daa,0
f23ce7db88b,1
6dd7171ae9b,1
1c2f32cd731,0
b985a667d60,0
9e89c8057b7,0
cf35c34ebf7,1
4d4ac2d5521,1
47b3a6899a1,0
4f665d1611e,1
99e3c8d5c1f,0
934ff39bfe7,1
c60f9b3d133,1
06edabe8679,0
157b89c2d92,1
edb40430e89,0
5d28b200115,1
656fbbc3493,1
6b565c59fbb,0
ae2dccc0963,0
63fde09df84,1
bc7edcf9b25,1
f9dced14ad7,0
c7a9d63003e,1
c7fcdcfccd2,1
157feca561a,1
ceefd803616,1
3dbed6c38e6,1
e4de9e1facb,0
1aca926ea08,1
9e9a218be6c,0
a7ac6efcba3,1
c791426edd2,0
aecf707cd14,0
5fad53b8611,1
67391a6eb85,0
cf7117f6627,0
ec8ad53b9ea,0
90e2804400f,0
09ccdf06818,0
59a94a5cf8b,0
2b194dd683e,0
614db1ac65d,1
44158f706bf,1
e457ab40485,0
0015c21cfa6,0
2ec5b6cb19c,1
b70c2642721,0
5037a26c6d5,1
83c1f5be559,1
6d618706220,0
a7c40ca40a8,1
9608a73cd52,0
c48dc4243f0,0
e195e2203f7,1
9630d935982,0
abf5da47472,0
569aa6c04f4,0
433410e0b5d,0
1f98aeef209,0
607db63c8a3,0
7de12171feb,1
a51c58a2532,1
f742464360e,0
c771704b1fc,1
3ab573bfe5b,0
5375e3a19e0,1
f0d9f29c661,0
a735e4a2a8f,0
eb17b6fd997,1
e0059198b85,0
78d53da7ae8,0
9ab881bf09f,1
de4a41d7f82,1
5f54ca4a9c9,0
0578cfcf0bd,0
c162408611c,0
812a595503e,1
fecd9eeb951,0
b54d577a5be,0
ef09bc6f51a,0
9d4ad47b0d1,1
a2df2adc90d,1
f1c0b24c566,0
5c8fe4ac233,1
131d0cc202a,0
fefeefc1d7e,0
6e7877de67d,0
5d2090fb35f,1
e5c12a23529,1
01e6d5a9e52,1
68f26f2af46,0
ca2a8cf26c8,1
b6ed4e715f3,1
2a66d2af9d2,1
0b60d542020,1
411711f929e,1
7d21d992422,1
e847a4d14c2,0
7cf9c5e9974,1
44f80a8fe87,0
fceef6e6d30,0
c1d8cc01e52,0
547c64f710c,0
ccf736e64c8,1
ade0a3163bc,0
3bb1413fb88,0
69de7eaf78b,0
069edbce073,0
386eedd35ce,1
1d8395167ac,0
9baf943cf03,0
942f81b6637,0
153a17a6286,0
369a61e45fa,0
b8da553abc4,0
5e380a989cd,1
b5a25766de4,1
f6b7b496378,1
4e688ce36c6,1
f5a538e2380,0
e2070afac79,1
04ecfd4258d,0
fd0d4aeec5c,0
30862fcdb15,0
15187b257a2,0
c8a3366e8cd,0
4a4ea5835f1,1
e46e1d23833,1
8da35ae2cd8,0
e4108cc68ff,0
4a12115dda7,1
da75ee7c256,0
31d6cc64df3,0
d442aa17a0f,0
deb1d110f78,1
5f02852e914,0
b0c86327065,0
e12a2e9fc80,0
22fcab594f4,1
b398f61a5b0,1
bfb5ac1c12f,1
58c3ccc26a2,1
f7613990da8,1
22040b78197,1
9c44f86adab,1
023c17cd482,0
03959b4dcb1,0
c983de49029,1
dc1149da949,0
9b76621625b,0
1473b464c36,1
9ac12932a21,0
8fd391784fd,1
9d0251eb435,0
b8f57db0998,0
852720d4782,1
799d01b5f44,0
bfffcca7804,1
af9c8122347,1
7536e048f8b,0
3811972828e,1
f6e69694f96,0
fc91ff28bc2,1
10911ae26f2,1
937b56079fe,1
b041b40ab44,1
f51345f030d,1
bf3f08c0bad,0
69185066502,1
bdf1c52c571,1
aef360cd605,1
380cb1f8cc5,0
78922c78b81,0
7eeb4019ec3,1
5495e01548e,1
8604c8b11e1,1
a3894cc2ec6,0
4406161cc89,0
20a3349b7ec,0
53068043b73,0
3bde2d7657a,0
6f4a2030db6,1
51afc5b1725,1
2b87e7a8ec5,1
e228e726123,1
84655e0fbd1,1
4a538e5637c,0
dc74a78c139,1
686c69800b0,1
d7b1c1161ed,0
2812e4a37c8,0
ef2c831f068,1
6199651d6e7,1
34cdd0ced3d,1
ade821da54b,0
a433badc6ab,1
4ee0ad6c03a,1
641495c6282,0
99f6d51f72a,0
ec5e7739ed7,1
0f70fa70b43,1
de92a1551f0,1
b693c050a1c,0
e2bf475ee06,0
97b5cdea590,0
df141ae08a5,0
5763122641a,0
c27062cad9c,0
943c9446277,1
2785f01caee,0
a6911a6e147,1
03143a17d26,0
c929640de35,1
ae82617cfc8,0
5b74a8326d9,1
2dddc209ec8,1
6638edde66c,0
02906b634d4,0
88294b905f8,0
73f7547aa18,0
979ee430c12,1
0e84d18df2e,1
6bee7522fef,1
6c9b99137b4,0
846eaed356c,0
31a9d080cf0,1
878896d440f,0
f85f864987c,1
9a43aa263df,1
aab3f484fb0,1
f4d6e4f05ce,1
c20c5b41783,1
1ddc1e2eac2,0
da1563fa777,1
6384b118096,0
1a3f7e72cba,0
491aa7b2d86,1
2fd13c8a439,1
32ea761d393,1
861faef75ae,0
c7d21cb98a7,0
a788fd5bbff,1
6f073a87b15,0
9f89d677fde,1
b4d793dc2aa,1
2f252a1127e,1
72cffe5fd73,0
a13e9f3bd3c,0
d2398aafffd,0
cdbdc9c4923,0
7c460105aea,1
74545715417,1
8d41c7fb7de,1
0a2504ccc56,0
14e1b6988eb,1
516b085e5dc,0
ff2560a423c,1
892bbee3840,1
9af326bcfc1,1
f13999dbe76,1
0698559601c,1
782231d3fdc,0
cf9d7b7cbc7,0
405beae2601,0
56709344c87,1
159740701a5,1
5ad1f63ea7d,0
f81bb10bd99,1
071bb358314,1
69b7198de0a,1
4176ea0958e,0
889778f99a0,1
4b991630c28,0
bdd38a36935,0
4e25b69aa23,1
23863a3aded,1
9926c2329cf,1
789b2ec4acf,0
32e7c6c7b53,0
62cfe99b03e,1
92c01462b12,0
9519000ca01,0
2de802f4693,0
1f740229282,1
137b30cabc2,0
74a4fca16fb,0
4c36d02a826,1
b2d182528ee,0
43011b4eff1,0
77f6e2c7b3f,0
06c1d91d2ae,0
cd0af877c60,1
8388c4f19fb,1
be5896c5921,1
c7c6cf8e065,1
db5f2806ed6,1
6242f40dbda,0
2d31a314d03,1
a1b4ef72343,1
066eaf3110c,1
c561c16157e,0
d19dcce80eb,0
796b2bd7957,1
10f9cf4c1f2,0
472852afc47,0
8d99bfcdd77,0
37aecad51d2,0
2ea6086de89,0
58ef5125e48,0
ce6023cf97d,1
dadb9dced9d,1
784b871d798,1
0a144cd9f87,1
a177d4d3c3d,1
6d1dce44fa6,1
a011b2a0fbd,0
8547cd9608e,0
aa5e6d0f801,0
d169f8752e3,0
6271e839b2e,0
12aab8fd795,0
522e66ba633,1
242050d018a,1
c1575de810c,0
d9278a4c52c,0
bde68520faa,0
a43a9d375a2,0
49b24e44df2,1
9267a1a7c83,0
a7fbac9891b,0
404541ca067,1
b4b708b58ee,1
50e21e79152,1
d0c65f126c2,1
3320862ac3c,1
a1835160be9,1
994656e712e,0
aa0ef757c36,1
c93b912a3d2,1
3a6973a301b,1
3602066bb73,0
bdfceaee2f2,0
b9d99ffda19,1
1abafa5f0e0,0
ea18e8554a4,1
13e346ee71b,0
c8fd7a0f203,1
d940a01061d,0
9983310110d,1
15bbf66245d,0
7582a2c4b5f,0
85c7638df5d,1
b3ad44742ec,0
2fd4e28acf5,1
6cde305b0ee,1
f608172bf95,1
2f30c26ea79,1
6a6a2f8f25a,0
56590e6b019,1
48d64df187a,1
4467c12fc0a,1
8e9c77e1f07,1
abc2163bcb4,0
fdfa442a14f,0
47923605a7e,0
37f41bd0d40,0
d65692e6315,0
6ab5a609bf7,0
907e562e08e,1
2131d0c972b,1
4c3bb776f08,0
781408ea99a,1
d122dc256fd,0
de71cf97e26,1
60311e7736e,0
799343b7bdf,1
99d2eb3ba8d,1
ddd5f3fe822,1
1b1c8992874,1
cfca3463792,1
3b3f31c5e1e,1
c6a03fbac64,1
0187b0fed14,1
dd8dc127aff,1
e1fa6152e94,1
6bb1f5d7470,1
2674b1aa925,1
752af5bf2e3,0
be7896bd887,1
e083c5b9f52,1
294b231ef03,0
e68717b11eb,0
4c416909e9c,0
02545d3de32,0
6b5d72edc26,1
8ce728cb663,0
c6a024d4714,1
c2d595abaf0,0
1bf290f373a,0
108a72f3891,0
984f75e04e0,1
45921c60fdd,0
859227674af,0
f5d92086641,1
59383a9cd0b,1
373d5b34cb0,1
f8dd7a9a403,1
459ff254208,1
9432e55ba97,0
e905a128362,0
fe076866eaa,0
a8137642597,1
4fab608b747,1
20edaf3bbc1,0
6eb451c6843,1
110e8057fd8,0
d8b774acc4c,1
0c30042ac37,0
e9ce2a0dd2a,1
65d934449ef,0
c54416f3352,1
4b80f8a871b,0
d91b83dd894,1
3553265556f,0
02679e3e73a,0
135992c5b09,0
d133772b15a,0
32117bb85b7,0
cb2b01f2cd2,1
7d0d70faa26,0
213bc9fd5dc,1
d70a6283ab4,0
5be590f3410,1
7e0827b136a,1
1b8a2285b2d,1
3d3ba48a593,1
1ec0417b9b9,1
04f303575ee,1
98b05419965,0
80e610f91f2,0
5e2ee155d96,0
2b442937740,0
d3ffc801cc5,0
ce5eddfa1f0,1
345a5b3cd3a,1
1fac35fcdf9,0
90491a0d2af,0
ec8e47bba1e,1
4981fed58f4,0
2fa5767a4bb,0
6cd455545d2,0
23a46e7e2a8,1
88ed527261b,1
b2c1d42875e,1
dce74c0f565,1
83ca5705a63,0
048cc8c3b5f,0
2e0fdec5a5e,0
f242dbb039b,1
510d065ae5a,0
9c8cd0d08f6,1
89be7808b28,0
20b2dab7461,0
0730eada804,0
717677c29b8,1
1b2cda8de84,0
fef7176506e,0
866e679a62f,0
b1040def83b,1
4587d438478,1
b2542d369e2,0
d1a9e1b708e,1
5bf658ea49e,0
28eb28c3b05,0
f30580b0596,1
865e335b941,1
6a24fc7c60e,0
1197029d5c9,1
1b681a8df92,1
377b2a99c01,0
4cea55d812b,1
4859ccc7f55,0
1632523f085,0
349c3f58955,0
fe2f1500c4e,1
982c2c54c61,1
b3756334f3e,1
966bb58e32c,0
ebf891a8022,1
8f54586cede,0
ab77b4d9a38,0
2e95e2566c4,0
a188b970dc7,0
9a50cdfb72b,0
0c5cfb108fb,0
b009b1e0f9a,0
d9192d3e11e,0
9b21aa8817c,1
9d77f425db4,0
32b974d16d1,1
e06aef2739b,1
ea636fad149,0
9ebcb5c8b20,1
c623d1e124c,1
5617dedaae7,0
978bdf8dcb8,0
8c9b86ca06b,1
40d251a2aab,1
b27049c5340,1
5aad11d0c9e,0
ee9cc8500a4,0
faa997bf429,1
bcb74d6c3b4,0
bdc7ea79a62,1
d13e1554bca,1
fc09b17379a,1
3045e4ed677,1
b93cfea3de2,1
7ca676d7ac0,1
c94298acccf,1
57c77a12955,0
f47c2281fff,1
6f203aedd3f,0
9178e6b40d4,1
882ae668cc3,1
a2979827b94,1
1ddb2146a3c,1
6b682c134bf,1
c999e770dc6,0
e26257a3ad5,1
7f2627c25fb,1
53626474691,1
5959fa0965f,0
bee53791e10,0
e18e73198cc,1
7b8ae89088a,0
5d861210f14,1
9cfe8a2a2f0,1
639d0b2fe80,0
46150abbd64,1
8f3bfd3eac4,1
9cdc6c9dcf1,0
3ea994ed96f,0
13c4bd66626,0
4c42e0e50e6,0
bb9636808a2,0
8f92714abd4,1
b6fe76861bb,1
0905b16b4ee,1
0f2c34795dd,0
ccebf095184,0
e1b3874597d,0
7f861075573,1
6578f65daca,0
58843372adf,0
2d7c13f1e7a,0
9174afb7dc7,1
08fab487c35,0
7af0ec18966,0
81150c97206,0
fb493fafe55,1
b59b8141116,1
25b7fa307c7,1
55afd2fcf59,1
682bf3418c4,1
29003f17340,1
fa3af9f49a1,1
708afb8cbe4,0
79bde882bb2,0
ef1ec92a417,0
26e0ca4f960,1
2b20ff38ff9,1
594459aa125,1
40c36142053,1
07baf523288,0
9df64f28dd3,1
4fffbb5dd76,1
9615aaf3e46,0
85af542809a,1
e7fd009ed59,1
7e4f6b98ba4,1
83d27f41e34,0
329b5cef65f,1
7d151fcc0a3,0
7dfc447af40,0
c17ecd3da35,0
4b5bf8a4243,1
ef970ad86f7,0
7b55e41807f,1
d1ef5a528bc,1
8ae12e0d676,0
ea664ffd166,1
b600c891c37,0
c9524b92d02,1
1f23b2ddad5,0
5fe733d200b,0
708b5769673,1
da08ce3b4c1,0
0b6ae5fc395,1
bc57697bc4e,1
117178e4b17,1
ca136dfee6f,1
6fc81ab60f1,0
babda99d2a7,1
cc96c567460,0
2850e8ff805,1
a2bea034126,0
7ab9f34d3db,1
8dca23e18e2,1
fa854a63cfa,1
bfbf7753cb9,0
7a3ec440a91,0
6819d44a322,0
aa0875caaf6,0
7bbffdfee4a,1
b864a48874f,0
b538ec96c03,1
cf7c018be3f,1
5c61dd4893f,1
33631212bc8,0
91b080af3d8,0
bbba7c3b0c0,1
c93c60253a8,0
fb8f6beef18,0
246749ca615,0
4bb022d9bae,0
daa4f263d28,0
4a2f002f6b4,1
ada6042918f,0
eb90ce7409a,1
367f6c6b218,1
8a3d7b92130,1
15284b9c082,0
7d2d8303d5d,1
2183ad34136,0
8656c12b86a,1
078740b1710,0
77fef65266d,1
7c70d2915af,0
1cd084e9834,1
46c57803c45,0
662ac323e6d,1
7b0c8ccc1ae,1
f49ba4f2fc1,0
96a32eeb8bc,0
0d5135d2985,1
dbe6046ee97,0
3be1a600077,0
fb939daaaf1,1
fe7e5542eb6,0
3ee1fdd84b3,1
d4f00163164,1
30436a525a1,1
c7280d84114,1
aed7605152d,1
2fc1a6201d7,0
f4bca7ea71f,0
c0450ecb89f,1
265bb7b402e,0
7bb1585efd6,0
3bbff60090f,0
f55b7ff65c0,0
1b9502b194f,1
7c9789a6349,1
4c6967aeb39,1
32b7a721be6,1
935a3d81da0,1
cf7d8edb2b9,0
f82f2c393d2,1
27d34441462,1
9166d0b7af1,0
748a34113f6,1
2899b559b14,0
a656c4d2b33,1
a56fbfef9ea,0
889c8eec2dc,1
a2c1f56a564,1
77a73e8f702,1
04fdf6d1079,1
1cdf2f90fa2,0
46a0d313e6a,1
104880f13d9,1
6b78045f3aa,0
0d647c92205,0
5ec30f68983,1
ae9c4c10e32,1
73c4b9f9307,1
feebbc8c4b9,1
bf61b9eddec,1
81aafc05fb9,0
4c9f58e24d3,0
638aea56dd0,1
385de5154b2,1
0bfb81ed1b4,1
336d8439778,0
45af8034966,1
57d03f1253d,0
90054dfa476,1
ca5c118b513,0
c717e13fe51,1
4302b74ee87,0
c6aa6005c87,1
96dfef1133e,1
d13e8af3af1,1
c05a4f9839c,0
1d3a846f70e,1
2bd00612af0,0
16461e27a81,0
dcc631ff163,0
22c7ee86294,0
034fcab729e,0
2c138b17772,0
b676a867f49,0
b5e7f65f282,1
3786601d7c3,0
e7fda87df39,0
4272b3e93e8,0
2fc982c8566,1
f4628e7d05d,1
fc56a75a3e1,0
5e7ca68ebda,0
5a6827eb6d3,0
eb6c6247ef1,1
ad50fb018af,0
f4c51ce0a5d,1
682cfd42596,1
37e506c1cc1,0
b3a2c8a982b,0
0d2137c697e,1
f3ecd17b759,1
10c8a3ec024,1
22a9e8fabeb,1
947a0626e9d,0
26a5ba4e8de,0
cc107b0bd5d,1
7677dfadbbe,0
5ca4f910c74,0
54183f34761,1
018ef0f1569,1
f9a206e2ace,0
8c014abaeed,1
91ed5921697,1
1ca65085dbf,1
8f4b7f70447,0
7357d00a075,1
7784ff176bf,0
771856fdc36,1
38640c908c4,0
ef53b3377ec,0
38ab85ba61a,0
54ca8e3c1f3,1
6395228af2c,1
2fda53a4e3b,1
0c86ee6ae12,1
e377b067af4,0
b3b5d2c0f38,0
9e11fb659b0,0
8344aac932a,1
8edb81ff0ea,0
6aa76d2761d,1
cb7b5d7ee30,1
f7827abff5a,1
3e75643a998,0
29185d7a139,1
05b1e71d734,0
2f775f3354a,1
f84ecd14425,0
6f1bc9e3479,0
a0453cecdc0,0
84b78db3493,0
461ad6a37af,0
ba3655214f8,1
01b4539d486,1
cd68125ea02,1
e03801e05a9,1
fd13ff66390,1
1efb7f7fbc5,1
ea395e8b6fe,1
ad00b06224e,0
e1de729d67c,0
d4c38d268da,0
6e4f1cf4b11,0
776f39ba618,0
d245af2aa44,1
f168b32715d,0
5f173a762a2,0
3102ec814ed,1
741dee3686c,1
e892dc44370,1
48b2400db06,1
3fa2370ffec,0
fa0a60152e1,0
21992f3784a,1
b1d93a92fd6,0
16048531f07,1
68c0132aeac,0
de84772c205,1
bb4b6979ef7,0
27051a9a62d,1
52dfa0d55bd,1
57333651879,1
9474276619e,0
03893d5ec3f,0
b3fc3b05e5f,1
d415ad5a3e2,1
88b2442c93d,1
661c3413943,0
553a8f8d345,0
34787bd047b,0
cad4f477de9,0
53f01b9674d,1
b3a37df8b46,1
ca6ca6e61d7,1
c53b1719556,0
22dc23352e6,0
0fc8797bc8d,0
77feac7b738,1
02da74c1d45,0
b424ff873c2,1
b3155d9725e,0
bf892f6fe08,0
57393aa2090,0
e9a49ab9e9d,0
729188cc9dd,1
64aa8a043dd,1
00217cfccf3,0
73e62e53490,0
b71c2b520f0,1
e5455cb01d0,1
fff97ab339b,1
2c4205d5a14,0
b0dc40f1f53,0
a7236e1f1a4,1
43b0cdabd77,1
660b0e017aa,1
85858500134,1
c9625a64831,0
06fffc83c6e,0
c7576fcba9b,1
3045b8aadce,1
56575f8a04e,0
1ce90d1cee5,1
0de6c8eb69f,1
bd0b29c8445,1
63f67e2e7c0,1
eee3d0a2bb8,1
f864261bac5,0
e630488e142,0
00c6e85b2dd,1
1f49740fd86,0
91e60defee1,0
272a58b9682,1
4d383846c45,0
862c326a885,1
28ba0cd9dae,0
e5945948b2f,0
d423693c0a6,0
e29ec992e1e,1
a51745da5a5,0
8aea8c2eb81,0
3a9f40486ec,1
82aaec21e4f,0
ac0bc3bd497,1
1a7a6f6ac60,0
e275e5c019d,0
4debb02609a,0
935ebae8d72,0
42f7f1a1592,0
ba6998d63ce,0
c6e7fc1380e,1
7a902de4c1b,1
e975de7cc79,0
f8b23dbb763,1
125f27d2cdb,1
683a9645005,0
11ead64d9e1,0
1f3f55b3551,1
46cd638fb1a,0
9cc68fd1601,1
480525b63c3,0
2db67c92e1c,0
c9674996968,0
8088ce04c7b,1
251709d20b8,0
72a350efe0f,0
e0aff135fc7,1
fe78f5704a3,0
ddfcf90405a,0
4af5e487127,0
befe6d8fb3f,0
b866e28f5cf,0
1af07bb0331,0
69ca5283a82,1
698c3ab53d5,1
294e7c0dffd,0
cd420371372,0
585cdfc4063,0
1d736b9b77b,0
3d5454a5101,0
33f84678b77,1
d761d504575,0
b234d945ce8,0
b458e1cee69,1
d2b8e801255,1
0e02eefa52c,0
b52d9f44c7c,0
859d4720963,0
ee174ffdb13,0
9b4655ca2f5,1
dc19f3f128b,0
cafd4f3ebf4,0
c873e2b802c,1
c046d418a70,1
1cc110e48c2,0
1914524df03,1
f07a24493c3,0
8d825bf9ebc,1
cd21130b364,1
ff056034c41,0
ff052abc3b8,0
e215646c14d,0
f0b756fd67b,0
07d9f173ecb,0
debccb6b6dc,0
1f9da15239c,0
1862b593859,0
275ade4cdbb,1
2c05392149f,1
5f47c444c4c,0
79517c99842,1
a43d2ec2fd9,0
d70d8457ddb,1
396382b7e0e,0
f39817bb981,1
d67d244b251,0
a47b1324dcf,0
54df0f10937,0
f4bc88e7fd9,0
6f9c63c1381,1
513bd933e6e,0
3baf6becac4,0
05f422d77eb,1
c5cf00c6c40,0
a9d56abd195,1
9f6f034699d,0
c88cff0ff89,0
6c335c70bd2,0
301dceefe23,1
8567e8ae056,0
fcb82c7bae7,0
fe0116e2d2d,1
4d991fbc0e3,0
bbd3c24bd74,0
866b077898a,0
0792aadb30a,1
ff0f55a25d8,0
50e5e4ddbbd,1
8b2c3faabb6,1
ef0be77ee4c,1
8805107de21,0
e3336d73250,0
26bf7bbc768,0
33e50e722f9,0
406d0a937a5,1
f69ef0c037a,1
70b5c3a1746,0
ef85a7c1d25,1
894726498bf,0
a84b17ec25e,1
91fa411aff7,1
ad47ed3512a,0
df731431aec,0
291459fe791,1
e39f678d3a0,0
f0b46b6551b,0
af5a89b150f,1
1da5db08188,0
0a06f42f718,0
f5fe741f734,0
10edd311767,0
f1b63679f9d,0
3287da0f40c,1
65a60134f33,1
15c11a5168f,1
29e7c1d5f8a,1
862e93c1b6a,0
b0053ad480f,0
57be65e38eb,1
b644cdad1e1,0
681f6ce2d00,1
100ffe59a4b,1
558da122763,1
7bd3ee76019,0
664725de0b8,1
fc1e909546f,0
c274e9138e0,1
7a5e3b1ebaa,0
f93ff6cfe2d,1
1d6a7f813c8,0
8a450cf2a5c,1
98854532a93,1
c0eaaa33b8c,1
5f35c983070,1
16c1d435f28,0
fff266cfeb6,1
d993a0788e6,1
71c4a5f4921,0
283f10494a3,0
e8d84bafe0f,0
8d32d33c989,0
0a58ba01ab4,0
23e5372be1f,0
bb894d33d33,0
cdb824c8243,1
df218a0b57b,0
f8f1cd0e43a,1
fae5bbaeaa1,1
8ccaf6aa56e,1
f05ddd8d7ba,1
eb3588630cb,0
86a518b2392,0
6398a7b343a,0
40c6781413d,1
d7822bb6a3b,0
57fc790035d,1
6374214b527,0
9bef42c2094,0
24f1ac5f48e,1
e2cfa3aeb40,0
038b21a0b68,1
f24c9b40e8e,0
e4c8cd38f35,0
c778218f357,0
4060de8b9bc,0
5a337fc3ce8,1
2deb7d36295,1
160d1efabc2,1
6b7c3d7802f,1
d4b948e1cfd,1
c6c6c38797d,0
8595410f425,1
6ac00fb18e7,1
6799dc3d932,0
2b7a855e4e3,1
ffa4e7e2a12,1
032bb28de7f,1
948a1e3300f,0
7a1f96aa7c7,1
6415d1ac440,1
078923bfe05,0
f6ddbb8e771,0
8127c9a0205,1
54fa398eb78,1
7790f90ec01,0
76bd9c16748,1
442ce50ee40,0
c33196c21d5,0
ede4dda7276,0
253d9d0a749,1
c521ea0fa2c,0
4d419c4bfdf,0
d959c7427ef,1
0b9462658ee,0
24fbbe4d37c,0
5d491eea229,0
28be2adf262,0
3cfe310f299,0
ca76c2c32fb,0
d3a5d85eacc,1
13719c264cd,0
1e56bc5d2ca,0
3f7e69cffa3,0
79cf6fde656,0
346be5f93b1,0
d161a456caa,1
053e3e6d006,0
48b16d0d58f,1
95e4fa58403,0
df4e5be2f12,0
db07e3ed728,1
0adae30f25a,1
c239681b2e0,1
78bda0263c5,0
ea251018309,1
308fc527594,0
6316fd4cbd3,1
8ebc90b132a,0
a46f32b915e,1
cdf7f78a50e,0
62e97dde914,0
e75341b89b0,0
ececd6c721d,0
8d56e9ff6d8,0
a6ed43969b0,0
99201e7c8ea,1
822394b7638,0
721334af572,0
1a557d990b6,1
4ce98c8e6f9,1
bc8a77b158e,0
86f937c9910,1
1a4539156da,1
961e7227415,0
a0908a3afda,1
55179a5f951,0
339412fc79e,0
04f3d946778,0
5564779c635,0
ea68d2f7bf6,0
9147390402f,0
ca8df01eeda,0
b4e63089fae,1
4ba6d29c009,0
4088e8c24fb,0
efcd37d7f48,1
a5ff16e7e8c,0
c90086b4df9,1
95935540283,0
79c0eec612f,0
c4a71121307,0
8f127ecb06d,1
0e156905c49,0
b18241bb87e,1
7d92d9eb06f,1
d59c3823039,1
bb8ad214bd4,0
7fcc8bcfc86,1
3159461d79f,1
0e735f131d9,0
4f079ab0dfd,1
4c701ed5c7b,0
9145663c965,0
f5aad0d5215,0
196fc6db0fd,0
1e7711c8885,1
048ab176a5a,0
98dfa5f1b06,1
3503dadc390,0
b4d7f847544,1
f565a6cd6f5,1
fc53259968b,1
69531c8a7f8,0
c25731f93b5,1
28613f96ddd,1
9894361324c,0
737a7011c5f,1
cdccaef4a30,0
c5bec48a0b8,1
1cdf16141b7,0
d407c71491e,1
39a7a57e835,0
bd49b21309a,1
58b181ff66b,1
550a3c88a54,0
cea33dd852a,1
d4b667dfb4f,1
61aa1ef3361,1
09a1c372cad,1
e5db45d0b4c,1
825dc7ecb28,1
406ecc61e38,0
21bba8fcdb4,0
1eba170c3f2,0
18484657037,1
573aa7de708,0
70ab0d533f7,1
5b9c4beb469,1
2492d91dfe6,1
376394c2e1b,0
84641521cc8,0
68064d15580,0
9c428da65b5,0
140e7f412b8,1
4786b45b6e6,1
ed0e1938c0d,0
e3e813efae6,1
36b419da5cf,0
517226fcfeb,1
ca806d61ea3,0
92c2d3a0117,0
20fb4530308,0
3e7b586ae9b,1
0631bf185ec,0
ba5961327d9,0
24e7c6c2704,0
e1d700078b9,1
ff6b0259fc8,1
e02657fb79b,1
7520a10843d,1
e8c7d35fc8e,1
1f36b1882df,1
be264822abf,1
5784e6b4b73,0
e77c7e35fcb,0
b97b5c08c1f,0
8e013d40116,1
c80301a54be,1
e0dde51f281,0
9113dbd54fc,0
c1932c9464b,1
720dfc02a97,1
100e8a73ff1,0
0cdb02449e7,1
345034b4389,0
ee74ffe6887,0
dc7acce976f,0
66f5ecfe242,0
b6efeaa8991,0
1323fddabcd,1
ea34ea2b0ad,1
09c3aa56404,1
1c0da618232,1
d292581f780,1
c57d1a37d6e,1
b4300e80965,1
cce90cc0525,1
7a2660ce0e8,0
1d26aca74a2,0
b9512b12d86,1
491ca3f3314,0
16c57b6bdf4,1
decfb8ef2f3,0
2ab1da429e9,0
ad972ff1990,1
02e45e665ec,1
c5db973b704,1
567b3e62f65,0
84578d697a8,0
9737931fa0e,0
dff0f18d454,1
6b72dd7be36,0
c7b581fd568,0
b1fc23da25f,1
fa23d573c9a,1
85ada3ea995,0
aeddf290d3d,0
75480f60098,0
1b593f38dfb,1
98be105a672,0
0efad23ba0b,1
e5104719bab,0
e8ab06df2f2,1
c9c9cf07f10,0
dfbaa2f526e,1
f549a9d9811,0
fd8bab5ef7a,1
41d59475db2,0
07277cf1b78,0
12c6b0c901e,1
226c7d4fa5b,0
efb3b91cf5b,0
8b2ca4ba066,0
be1d61635f5,0
831cf02964d,1
efe8de1f57f,1
7d1b3ea5b6a,1
5a94260e8ee,0
7400d70be03,1
00a41d6f3ce,1
60f4b48d7f5,0
6ab92d8647e,1
9feb60a5d54,0
51cdf6b4cae,0
55115049c74,0
019927822a9,0
7da37864e40,1
3a283999bf3,0
9cd681ba0bd,1
4c61d7dd80b,1
784d7c4cca0,1
13f1488e258,0
bec2468d430,1
5d3ba3fcf1f,0
66a43047a64,0
03c5d3b4ab0,0
7a32acfc0f1,1
196dbdd76fd,1
358a749ff9d,1
99440f114bb,1
93c0937d8ad,0
0e65b9e15d4,0
98c20fd458e,1
a604a8fd88d,1
32f2e795dad,1
545bcc96b63,1
b095c194c5f,1
0d162413bed,1
1756cfdfb9a,0
66b661be322,1
34b09cb3c63,1
59586cc9e75,1
2d7c42ed55b,1
037e0023f2a,0
2bbe4d4c8b5,1
a8b38db51aa,0
eebf2f84b35,0
5177eaae00c,1
008ef56c399,0
a98ab85546f,0
0fa5d4fcc23,0
b4b26209693,0
0f6a82b6350,1
4cc993d44a8,1
77c23c2bda3,1
661e4fa1136,0
82d57d14dd5,1
b6ddb670708,1
cf8106ad831,1
4ca22739aff,0
572b48ad285,0
3a3eefe7f3d,0
134ff5b3521,0
67c9fe0b8b9,0
d243d9a248f,0
e3b0293478b,1
5b0d852bac8,0
84343d85aee,1
dbd2a115d39,0
9bfa26fb6d4,0
d617aee1f21,0
ced3efd982c,0
4f7dab9bd7f,1
b902e228ee0,0
fd8c41c5c80,0
4dd7716ecec,1
91e96be5a1d,0
466d7ec12de,0
67adb3fd7a3,0
8e2024a085e,0
b9baa892062,1
ee68b43a3b6,0
d2b6d3656a2,0
e9d240d6d94,0
d94efa0d7d8,0
b70783f0732,1
1d2f68a1543,0
e019cdaf336,1
fb77be41f02,0
03370c62db7,0
a5b5f1c2ac4,1
22dad23fe00,0
719928afb51,0
f214aa9fd6f,0
7532c3b70f1,1
cb492e9bf25,1
aad36d304d5,1
70db59b0d27,1
c5dc59caec1,1
4f4b83a5e0b,1
e0a7c7c6988,1
384ed2aadb5,1
91c55ef273e,1
d8457268866,1
99be5869feb,0
d8dc699cb02,1
9efb471f6b2,1
b6196a558c7,0
a19510065d4,1
674457e501d,0
6ad6197c500,0
854ec54222f,0
cf8d1b9042d,0
c55091ba2cf,1
1817d64ea3f,1
78fb2598272,1
1a02cd16252,0
9fc5dd33f91,1
80b73ed08e7,1
a1e89ab85c3,1
565c6e56394,1
70fcd2b2394,1
486b0116566,1
299071ceda0,1
45a6e4aed90,1
c1077bf6797,1
c79ce4c7857,1
b85ce2dae4f,0
e06a71d18ca,0
5f5f15ad172,0
baae3666756,0
22503c80374,1
b991ed9bc73,0
99c28f73e63,1
5654c199947,1
b6318a5d55d,1
c9bcc14f771,1
55cfd7c3ec7,0
0cccad5f2d4,0
0a7aa112bd0,0
adda4de814c,1
b9fd004bdfe,0
d1ac57d6020,0
cdf763fac96,0
35ec36303c7,1
45da35f7d3e,0
a4121621493,1
1637018c54e,1
c9d55633e95,0
3d0daa973a8,0
ec468f07293,0
4df0e0e2100,0
aadea821ed3,0
2de275a915b,1
122edd963bd,1
c3e29a72508,1
95f23305381,0
0844310520b,1
d7625d43933,0
0f78e4f6ace,1
8651ea4fe20,0
6ca21c579d8,0
d712a5baf91,0
211cfb58699,0
0bee01e4f24,0
d1c333a2bbb,1
af84d8a5935,1
ff04c82c7be,1
7988cfff4ff,1
c784af82e24,0
6f2d6495a54,0
8c9f5b8d327,0
c992b4e902e,1
dcd1430ebf2,0
95256286e66,1
7b0955f07c1,1
57cb27c43b2,1
b01ced4661c,0
b443dcd7f88,0
ec383aaf1b7,0
2b7b6d6a5da,0
3c161e4a5e7,1
5b93731d509,0
c2743e609a4,0
71e619eaedb,1
3333e9995fa,1
d33144e2f52,1
6c4d64ed46a,0
271d63a4dbf,0
e1b955762ee,0
e0ebfce221c,0
2bea83a95a2,1
27de8a40030,0
af307b43ecf,1
986c620f8f6,1
8ab15ae6403,0
79e1e4473df,0
598e844ab06,1
78c4b50022c,1
5b7c8ee1b32,1
bc7dc89554a,0
b0639470951,0
dad02a3129e,0
e183e57f537,1
581ba276a68,1
9a625de7cd8,0
a30fad4c1e9,0
947d7be58a4,1
1522458cf21,1
41005f84a0a,0
768a10fdd99,0
fd293d9b28a,0
e19c073b886,0
449a4e986de,0
335596e3e47,1
344e04ca2d3,1
5daf376e543,1
e0b45827291,0
71fbc3ee54c,1
d99772877ff,1
3c6a1e81849,1
a89b0469554,0
2b78193273d,1
fcdabbbc990,1
b0b7d527452,1
e1e54863733,0
d381d70adb5,0
5a3c3b01c84,1
575a15f7ff7,1
2a0bac99091,1
61724157cdb,0
9884fa6307a,0
b46ed929683,1
eca7c72ad79,1
d3bab72f138,0
80f9f6c91ca,1
832d626e134,0
b8f837b2abb,0
7a2650f1d2d,1
d4fdbe36902,0
7008c3f7d01,1
a546b6c9e76,1
44bd86bd4a1,0
e4e04922e3f,0
45956a935c6,0
69824ebd8d8,0
3b8cc3a5387,1
1b8193ebfaf,0
d60ceaad60c,1
3418846e65f,1
1f7aadd8f72,0
09895f1e2d8,0
38dd0e2e07d,0
3253add67d0,0
9ba84d10839,0
7700ae27212,0
d2f09b1154b,1
67277f0691f,0
83bd15f7f9b,1
7b4f2d38653,1
69813f65af5,0
6bbf12bac0c,1
25a4266d8fc,0
0423b38ff84,0
80f6f3e0f21,1
6923277f7dd,0
14b3e5f3280,1
79d12cced95,1
084b8a2ab87,1
7b2fdf06c7d,1
ba72c1e5829,1
2d4e80da664,1
bc8e2ff63b3,0
056984bafd3,0
c3173cd77fd,0
59c24539b2a,0
1bcd92eb646,0
027b664409b,0
27a9e30303e,0
6618cb05bdb,0
9642027a195,1
cf02a20ca6d,0
fe61cbd5315,1
1451abf6599,1
1dee17aa329,0
caaf297b268,1
838652ffbc6,1
602abdc07cc,1
de7bf4ac77e,0
013e4bdf54b,0
eb7863cb1a9,1
9dbd6426f49,1
345a61a9480,1
4da7018d8fc,1
012386f8b52,0
0cf3076642e,1
39e620af722,1
8bc432c8fb8,0
4087216dd06,0
a9e9cb5c4a9,1
a68e5a17035,0
18d165c2bc1,0
d213863b899,0
542625e4964,1
94753a678a0,1
91bf47e68c6,1
f56d3c8bb54,1
d6dba9ec53b,0
13e08cc729e,1
b3bc2f91fb4,1
f30eadb66d6,1
75db6f7508a,1
1d3d1888ca2,0
7a94ac94a33,1
6ed0c66c9fc,0
5d4f8421abe,1
c90f14ebf0d,1
ff2e66d6435,0
291bda5c34b,1
108f3e6fce9,1
5f4e2149025,1
c38621adbc5,0
6555ec64aa9,1
d18a9ce9341,0
8ea5f2c583a,1
f6140ac4b51,1
99fa8338e46,0
8e13540a48e,1
72ee343b105,1
f7b44f07308,0
b432a4a2e68,0
efbd4fb0043,1
68759d214d6,0
055d59bb627,0
66b4875caa3,1
4c31d74e0d3,1
3b92fc41169,0
43eda462afd,0
ade482696d8,0
36273137949,0
ff1f593bfc7,1
872947df3a3,0
91e43a0c588,1
b9486f8707e,0
9d0ef933045,1
7beaaf28c7d,1
adfab72090c,1
6ae4e1527d0,1
1d67ab76c63,1
f100272fb52,1
2afbcb85217,1
feaefa80cd2,0
b24f73a2cfe,0
986278a914b,0
bf957d7d9c1,0
7f5cc0b7399,0
316c0e44568,1
e8e654eb278,1
3347cf56ef5,1
8467db5e06f,0
d2a2292df57,1
1706b52258e,0
d7b79b83ac3,0
6c4191d7090,0
a8fd8300faf,0
7984520a20b,1
80e39326816,0
6841bd9a006,1
26f09c7bbdd,1
60a3af7d697,1
efdaeb22313,0
e46fb10b156,0
b49bfc8f0a1,1
21891906b2a,1
fe99fbf8280,0
e08d8ec1031,0
dbc346ad729,0
7bca638e424,1
67e82e322e5,0
c42316663f5,0
3e1b52d2030,1
fe66fe0f5cc,0
3a5ca8a8fd5,1
1416bed27fc,1
